Date,Beef_CS_LiveWgt_PerHd,Beef_CS_Slaughter_Cnt,Beef_ME_Exp_cwt,Beef_ME_Imp_cwt,OP_Electricity_Index,OP_Fuel_Oil_Index,OP_Utility_Gas_Index,OP_Gasoline_Index,OP_Soyabean_Index,OP_Hay_Alfalfa_Index,OP_Hay_Others_Prc,OP_Corn_Index,Pork_CS_LiveWgt_PerHd,Pork_CS_Slaughter_Cnt,Pork_ME_Exp_cwt,Pork_ME_Imp_cwt,ME_AvgHrInc_Trk_Driver,ME_Unemp_rate,Beef_CS_Prod_Qty,Pork_CS_Prod_Qty,Beef_CS_ColdStrg_Stock_pwt,Beef_CS_ColdStrg_Stock_cwt,Pork_CS_ColdStrg_Stock_pwt,Pork_CS_ColdStrg_Stock_cwt,CS_Cattle_On_Feed_Invt,DG_Pop_Size_mm,ME_CPI,WR_AvG_Temp,WR_Avg_Rainfall,Extreme_Draught_Value,Dollar_Index,Egg_Index,Ground_Beef_Index,Round_Index,Beef_Steak_Index,Ham_Index,Pork_Chops_Index,Bacon_Index
1/1/2000,1229,2935.8,206469.85,249724.19,123,113.7,117.3,,52.8,,66.1,,262,8139.7,96044.87,75106.52,14.89,4,2178,1572,314.16,411.26,415.38,460.78,11475,,168.8,-4.9,46.33,81.53,99.871,133.9,,,,,,
2/1/2000,1225,2936.9,208032.37,213849.85,124,153.6,117.7,,51.8,,68.4,,262,8076.9,112208.59,77741.15,14.93,4.1,2175,1558,350.95,459.75,481.39,512.02,11574,,169.8,-0.29,43.45,86.05,101.233,131.7,,,,,,
3/1/2000,1215,3131.6,216889.3,269643.11,124.2,130.4,117.6,,55,,68.9,,262,8822.1,115604.69,92695.78,14.96,4,2300,1704,369.04,484.58,523.47,551.56,11330,,171.2,2.39,49.14,78.37,101.71,127.1,,,,,,
4/1/2000,1202,2783.4,191278.72,254662.37,124.1,123.2,118.8,,57.9,,67.4,,263,7227.4,99640.58,77920.9,14.99,3.8,2027,1398,378.15,494.86,534.67,567.76,11202,281.42,171.3,6.61,46.01,72.2525,102.282,129.5,,,,,,
5/1/2000,1196,3177.9,207467.4,275039.49,125,121,120.1,,56.9,,70.7,,263,7944.7,103704.55,82544.75,14.99,4,2303,1542,396.13,519.6,532.06,555.49,10944,281.64,171.5,12.85,54.93,71.782,104.515,124.1,,,,,,
6/1/2000,1205,3236.7,207214.14,284579.97,133.2,119.9,128.3,,52.5,,72.4,,262,7952.4,103402.29,78626.92,15.03,4,2369,1538,401.09,526.29,537.86,558.05,10967,281.89,172.4,17.4,74.37,72.29,103.619,125.9,,,,,,
7/1/2000,1220,2962.2,228437.37,277457.02,135.3,119.8,133.2,,50.6,,70.8,,259,7356.6,97276.48,76031.55,14.99,4,2202,1409,405.06,530.41,495.46,513.32,10399,282.16,172.8,19.86,62.42,73.885,103.893,125.5,,,,,,
8/1/2000,1226,3259.4,238025.83,310623.46,134.8,119.3,132.1,,47.6,,67.7,,258,8622.5,103879.77,81951.33,15.13,4.1,2437,1643,391.53,512.42,478.47,493.62,10180,282.42,172.8,19.35,55.58,83.504,104.368,130.5,,,,,,
9/1/2000,1231,3034.5,193982.99,230082.6,135,134.6,139.7,,48.6,,69.6,,259,8118.4,104326.51,75544.2,15.13,3.9,2275,1554,398.8,522.49,455.59,482.61,10374,282.69,173.7,14.53,56.7,107.555,105.843,132,,,,,,
10/1/2000,1231,3141.4,184868.97,219331.72,129.4,139.1,148.1,,47.4,,68.1,,262,8882.1,107524.83,84651.19,15.2,3.9,2345,1717,405.7,529.88,439.52,459.59,11016,282.96,174,8.18,48.61,108.96,107.344,136.1,,,,,,
11/1/2000,1230,2929.3,204662.99,242180.78,126.8,142,151.1,,46,,71.1,,265,8756.8,129257.16,83032.58,15.18,3.9,2169,1714,404.39,527.73,438.56,476.36,11864,283.2,174.1,-0.66,56.94,60.4225,107.956,140.4,,,,,,
12/1/2000,1224,2716.9,181069.74,205198.79,126.9,146.5,160.1,,44.5,,69.4,,265,8076.2,113792.1,80743.55,15.17,3.9,1997,1579,411.84,538.13,445.61,486.68,11948,283.44,174,-5.48,36.22,47.295,107.105,145.5,,,,,,
1/1/2001,1226,3002.3,212132.86,306544.34,129.7,144.4,186.9,,42.6,,68.9,,265,8644.3,123713.03,75072.17,15.16,4.2,2205,1693,401.72,525.08,411.48,452.83,11798,283.65,175.1,-3.86,41.06,46.61,107.458,150.4,,,,,,
2/1/2001,1217,2580.4,172201.13,219726.16,129.6,140.7,181.8,,41.6,,71.8,,264,7604.2,129290.49,70564.36,15.2,4.2,1881,1486,410.89,535.22,471.38,511.23,11941,283.84,175.8,-3.01,49.24,53.25,108.267,142.9,,,,,,
3/1/2001,1199,2918.4,183646.46,259592.7,130.5,134.5,175.3,,46.4,,75.1,,264,8329.1,147532.55,81054.51,15.22,4.3,2096,1626,360.21,470.79,468.29,507.37,11695,284.05,176.2,-0.01,50.03,56.1975,109.861,139.2,,,,,,
4/1/2001,1186,2714,161571.55,281125.45,130.6,131.5,171.7,,46.9,,75.6,,265,7837.4,132333.08,57893.08,15.27,4.4,1939,1533,332.6,433.53,432.3,465.89,11523,284.27,176.9,7.12,44.3,57.98,110.499,144.7,,,,,,
5/1/2001,1184,3199.8,173859.49,266107.7,133.8,129,171.9,,48.5,,80,,264,7958.6,169020.21,66934.08,15.31,4.3,2294,1555,315.34,412.74,432.6,470.38,11170,284.49,177.7,12.56,56.79,75.468,110.543,131.1,,,,,,
6/1/2001,1198,3120.2,173493.74,292466.46,146.6,127,161.6,100,50.2,,72.8,,263,7484.2,136426.97,74019.24,15.3,4.5,2269,1458,325.15,425.2,421.47,454.34,11245,284.73,178,17.69,64.23,69.96,111.364,130.8,,,,,,
7/1/2001,1216,2942.5,181174.64,298967.7,148.7,120.8,154.3,112.3,51.7,,71.7,,260,7447.6,107921.76,85683.25,15.25,4.6,2177,1435,340.79,447.91,374.11,401.14,11011,284.97,177.5,20.26,70.99,82.326,111.493,129.6,,,,,,
8/1/2001,1228,3239.4,194456.58,289072.26,147.6,119.2,148.2,80.7,58.8,,74.3,,258,8374.7,112818.78,92723.6,15.33,4.9,2425,1600,351.36,461.54,339.55,353.35,10891,285.22,177.5,19.85,62.21,87.7425,109.517,133,,,,,,
9/1/2001,1240,2808.1,206776.72,260933.1,146.5,123.3,140.9,85.4,54.1,,71.9,,262,7812.4,97652.48,84056.85,15.44,5,2121,1513,373.21,488.72,332.57,338.91,10855,285.49,178.3,15.2,55.56,89.02,110.129,131.4,,,,,,
10/1/2001,1247,3162,211954.59,284895.18,139.9,118.1,132.3,121.5,50.4,,71.7,,267,9334.2,125750.99,102931.21,15.44,5.3,2389,1838,382.77,501.75,366.95,369.17,11125,285.69,177.7,7.4,48.86,91.31,110.519,132.3,,,,,,
11/1/2001,1255,2903.4,199102.49,253329.91,135.4,114,138.3,87.5,51.7,,74.9,,269,8716.2,152390.24,86905.6,15.49,5.5,2201,1733,395.12,518.45,430.56,434.3,11863,285.92,177.4,2.32,45.33,110.6025,110.999,138.4,,,,,,
12/1/2001,1256,2779.3,198912.62,150594.95,134.6,107.4,136,103.9,52.3,,73.4,,268,8419.1,124608.46,72906.58,15.59,5.7,2110,1668,427.55,561.17,432.73,455.99,11891,286.14,176.7,-3.72,46.49,102.845,110.938,133.5,,,,,,
1/1/2002,1260,3057,208999.47,294456.84,133.1,107.4,136.3,85.4,53.3,,72.7,,268,8660.7,136581.07,75302.94,15.61,5.7,2331,1717,460.74,605.52,464.96,512.57,11565,286.34,177.1,-3.17,42.92,96.242,112.16,138.4,,,,,,
2/1/2002,1255,2615.6,180335.01,182330.54,132.7,106.8,130.6,92.5,49.7,,71.9,,267,7501.2,131120.81,79426.94,15.59,5.7,1987,1482,455.45,598.49,503.88,544.87,11562,286.54,177.8,-2.76,28.04,97.8725,112.748,138.6,,,,,,
3/1/2002,1241,2737.7,183326.89,260042.72,133,107.7,130.2,63.5,50.5,,72.7,,267,7986.5,122792.01,80096.12,15.63,5.7,2059,1581,439.03,578.49,510.93,549.36,11518,286.72,178.8,-0.51,50.15,113.4125,112.138,141,,,,,,
4/1/2002,1227,2948.7,185713.16,306057.91,131.8,111.2,133.1,57.3,51.3,,79.5,,267,8425.3,131714.1,89163.12,15.66,5.9,2195,1672,410.49,539.93,531.45,575.87,11587,286.93,179.8,6.53,47.09,119.94,111.91,138.4,,,,,,
5/1/2002,1223,3146.6,214980.27,316141.19,133.8,110.5,133.2,88,52.4,,75.6,,267,8323.1,145399.48,86860.31,15.7,5.8,2336,1646,405.74,532,567.72,615.84,10971,287.15,179.8,12.13,54.91,131.6725,110.405,131.8,,,,,,
6/1/2002,1236,3062.2,201680.18,311949.39,142.1,108.4,132.8,84.1,58.7,,74.7,,265,7531.2,141310.34,85422.28,15.74,5.8,2302,1479,401.76,528.2,548,589.57,10990,287.39,179.9,18.18,56.37,140.605,108.943,136,,,,,,
7/1/2002,1248,3187.7,225503.21,331663.91,142.9,107.5,132.9,86.3,59.9,,71.4,,260,8068.3,141718.87,95391.89,15.71,5.8,2427,1557,396.87,521.15,497.82,527.05,10507,287.63,180.1,21,60.97,154.664,107.357,134.8,,,,,,
8/1/2002,1259,3212.8,222248.98,269373.77,142.9,108.2,132.6,68,69.3,,71.3,,259,8545.8,124329.14,92243.41,15.75,5.7,2469,1637,416.53,546.18,472.18,487.28,10109,287.87,180.7,19.07,62.36,159.76,108.644,138.5,,,,,,
9/1/2002,1263,2866.7,212626.61,237600.17,142.6,111.8,134.1,36.3,71.8,,71.4,,260,8505.5,122939.75,87743.9,15.81,5.7,2201,1638,461.76,608.04,464.38,480.61,10159,288.13,181,15.76,65.96,154.6175,109.476,136.1,,,,,,
10/1/2002,1270,3266.6,162851.52,220049.04,135.9,116.6,138.1,35.5,71.2,,74.5,,264,9403.6,120978.38,99093.3,15.91,5.7,2512,1831,494.91,653.17,480.23,500.15,10452,288.38,181.3,7.48,63.63,138.152,110.279,134.7,,,,,,
11/1/2002,1260,2861.1,223569.33,250579.06,131.9,119.1,144.3,59.8,78.3,,73.9,,268,8654.2,149216.38,100140.12,16.02,5.9,2164,1709,525.17,692.14,489.8,531.82,10785,288.61,181.3,1.94,39.51,121.4325,109.05,143.6,,,,,,
12/1/2002,1265,2771.8,225869.54,237354.37,132.1,123.2,145.1,44.7,80.1,,76.3,,268,8657.4,144127.55,99843,16.02,6,2107,1715,512.57,675.78,463.94,502.53,10946,288.8,180.9,-2.14,57.31,121.392,108.461,146.5,,,,,,
1/1/2003,1269,3007.9,193621.67,317958.73,132.1,136.1,150.9,43.1,82.6,,78.1,,268,8799.4,133602.75,91803.88,15.99,5.8,2291,1752,524.64,691.34,468.5,513.72,10658,289,181.7,-4.2,27.4,130.9925,107.158,145.1,,,,,,
2/1/2003,1261,2569.2,191544.88,216080.99,132.5,158.7,154.7,41.2,81.8,,81.7,,267,7686.1,133482.72,95793.07,16.2,5.9,1942,1523,482.42,632.91,512.66,557.85,10700,289.13,183.1,-3.31,51.7,135.27,107.296,147.9,,,,,,
3/1/2003,1234,2773.9,196795.41,275901.73,134,172.3,175.3,43.9,77.4,,77.9,,268,8168.3,144846.72,101693.75,16.2,5.9,2048,1623,441.86,578.71,519.71,560.57,10546,289.26,184.2,0.66,47.47,137.575,106.802,149.3,,,,,,
4/1/2003,1209,2966.1,196687.29,287901.12,135.5,146.2,169.4,64.5,77.5,,86.6,,268,8341.9,135596.48,99182.1,16.16,6,2151,1659,403.15,527.34,530.5,572.91,10713,289.4,183.8,6.97,51.28,126.836,105.639,147.9,,,,,,
5/1/2003,1208,3247.6,223304.42,252600.91,138.7,134.2,166.3,54.8,79.7,,77.9,,267,7815.8,152859.79,95312.16,16.2,6.1,2360,1551,389.65,510.82,519.99,553.87,10535,289.55,183.5,12.5,67.41,114.66,102.114,142.9,,,,,,
6/1/2003,1217,3252.6,258556.37,200792.81,146.7,127.4,170.4,57,98.5,,76.1,,266,7764.2,151333.94,106806.37,16.26,6.3,2391,1531,385.12,506.41,499.72,529.95,10539,289.82,183.7,17.26,73.58,110.7775,101.622,148.7,,,,,,
7/1/2003,1225,3290.2,243088.71,209621.81,147.4,124.8,169.5,46.3,97.3,,71.1,,262,8116.1,141918.12,100781.61,16.3,6.2,2439,1580,371.48,487.6,460.01,486.35,9923,290.11,183.9,20.89,64.7,108.406,102.874,149.6,,,,,,
8/1/2003,1225,3138.8,229297.93,193524.56,147.6,125.4,166.9,58.7,101.1,,66.7,,260,8057.9,130187.94,95596.19,16.29,6.1,2328,1559,368.25,482.61,440.65,453,9590,290.39,184.6,20.09,65.27,138.1,104.234,158,,,,,,
9/1/2003,1228,3128.9,207708.63,215628.49,148,125.3,167.4,70.3,98.4,,67.3,,263,8573.3,131771.4,101554.17,16.29,6.1,2314,1668,370.99,485.04,430.24,434.91,9839,290.66,185.2,14.48,61.62,141.27,103.162,161.9,,,,,,
10/1/2003,1231,3009.5,226487.79,278937.22,140.2,126.4,166.3,65.3,87.1,,69.2,,267,9649.2,146202.05,104152.39,16.3,6,2212,1912,379.83,496.2,435.15,443.04,10218,290.92,185,9.7,40.82,136.62,100.853,165.4,,,,,,
11/1/2003,1236,2433.5,187636.13,259145.48,135.5,130.1,168,56.6,102.7,,67.5,,269,8597.4,156916.33,98590.2,16.36,5.8,1783,1718,375.17,490.21,446.84,465.93,11043,291.16,184.5,1.07,57.38,139.0075,100.452,180,,,,,,
12/1/2003,1244,2675.3,163519.4,297816.45,135.6,132.8,170.3,47.9,101.8,,66.5,,269,9361,157979.42,93935.77,16.35,5.7,1978,1869,373.77,489.97,438.94,465.57,11335,291.36,184.3,-3.37,50.58,134.954,99.086,190.6,,,,,,
1/1/2004,1249,2578.6,5644.46,342088.9,136.2,146.8,176.6,45.5,110.7,,70.2,,269,8791,151570.68,91072.3,16.47,5.7,1926,1758,395.08,518.13,470.66,505.71,11253,291.55,185.2,-6.63,39.71,128.885,97.622,189.3,,,,,,
2/1/2004,1233,2429.2,8684.53,244712.15,136.8,152.4,174.9,46.6,114.9,,72.1,,268,7887.4,169718.87,85291.11,16.58,5.6,1804,1571,434.35,568.69,504.11,541.55,11138,291.72,186.2,-3.68,47.29,123.505,98.223,194.1,,,,,,
3/1/2004,1217,2869.3,19339.18,286438.11,136.1,150.2,169.7,55.4,127.2,,72,,268,9038.5,199983.67,98383.37,16.36,5.8,2108,1801,435.03,571.79,477.12,508.45,10987,291.89,187.4,2.1,42.12,113.484,99.128,198.9,,,,,,
4/1/2004,1200,2697.7,32555.47,307268.9,136.7,148.1,170.6,56.6,120.5,,76.2,,268,8653.2,188003.97,84496.54,16.5,5.6,1956,1725,416.77,548.01,447.35,475.6,10763,292.11,188,7.36,48.67,112.365,99.723,187,,,,,,
5/1/2004,1204,2836.1,40281.41,270361.04,139.5,149.1,172.8,53.2,121.8,,79.7,,266,7578.6,185237.38,83639.6,16.52,5.6,2070,1500,421.18,553.64,448.55,478.06,10375,292.35,189.1,13.59,70.99,115.07,101.473,170.1,,,,,,
6/1/2004,1225,2994.1,46630.99,351016.43,149.5,149.6,179.7,59.3,113.5,,75.9,,264,8505.4,173059.14,96720.61,16.54,5.6,2227,1672,402.82,529.15,412.84,433.13,10640,292.57,189.7,17.72,72.34,107.062,100.637,163.7,,,,,,
7/1/2004,1239,2787.2,48514.42,356128.4,150.4,150.1,181.5,48.3,109.4,,74.8,,262,8095.8,164360.87,93471.87,16.55,5.5,2104,1576,411.77,542.86,373.01,387.85,10132,292.81,189.4,20.32,68.8,102.535,99.853,159,,,,,,
8/1/2004,1252,2820.5,50057.11,305072.16,150.9,156.5,182.6,48.6,101.1,,71.9,,262,8721.9,154202.8,103752.61,16.59,5.4,2151,1699,427.05,564,366.81,381.22,9868,293.06,189.5,18.89,64.23,103.796,99.816,156.4,,,,,,
9/1/2004,1265,2737.1,39929.58,278293.08,150.4,161.6,177.8,46.3,103.7,,74.3,,265,8999.2,169551.16,93178.16,16.49,5.4,2105,1772,445.99,589.54,382.11,395.81,9988,293.31,189.9,14.79,69.23,93.9925,99.533,146.3,,,,,,
10/1/2004,1267,2745.9,55429.81,304599.71,141.4,180.3,179.6,43.1,96.6,,73.8,,267,8969.7,206098.16,89474.25,16.57,5.5,2114,1779,457.24,604.47,413.82,430.53,10502,293.57,190.9,9.07,64.26,91.82,98.369,144.9,,,,,,
11/1/2004,1268,2542.3,64245.37,309901.25,138.6,190.1,196.8,53.3,90.2,,73.5,,270,8972.8,214825.38,91766.6,16.51,5.4,1941,1799,452.59,598.36,423.06,446.23,11334,293.8,191,1.88,64.85,81.916,96.17,142,,,,,,
12/1/2004,1268,2690.3,49002.07,323352.17,138.5,185.2,198.2,59.8,86.5,,72.4,,270,9249.9,203921.79,88216.67,16.59,5.4,2042,1857,463.3,610.87,436.33,463.93,11334,294.02,190.3,-3.04,48.91,75.68,95.03,152.6,,,,,,
1/1/2005,1262,2528.1,43933.56,247591.64,141,181.6,196.4,49,96.3,,73.3,,270,8480.3,192725.75,84220.59,16.57,5.3,1915.6,1704.8,484.28,637.36,482.85,510.13,11299,294.23,190.7,-4.62,56.03,69.6425,95.426,145.8,,,,,,
2/1/2005,1253,2342.9,43361.85,251424.65,141.2,191.8,190.6,49.8,95,,74.2,,270,8107.8,205274.36,77341.49,16.55,5.4,1767.4,1629.2,453.26,597.19,496.79,532.58,11342,294.38,191.8,-2.17,43.43,73.3975,95.673,152.4,,,,,,
3/1/2005,1237,2725.1,42412.98,332528.51,141.9,201.2,188.2,48.3,105.9,,77.8,,271,8949.7,232353.34,83101.28,16.6,5.2,2041.7,1803.7,400.24,526.78,538.22,578.18,11154,294.56,193.3,1.3,46.14,75.442,95.28,145.1,,,,,,
4/1/2005,1218,2560.3,48035.85,340624.72,142.3,206,198.5,50.7,100.6,,81.8,,271,8445,252931.71,76686.61,16.62,5.2,1887.8,1703.4,372.32,490.88,540.23,585.27,10873,294.78,194.6,6.72,49.29,66.8225,96.215,138.6,,,,,,
5/1/2005,1222,2793.3,65573.19,346789.15,146.5,198.6,198.2,51.2,104.2,,83.1,,270,8031.7,242650.66,82193.13,16.65,5.1,2074,1611.4,329.43,432.89,562.81,609.91,10641,295.03,194.4,12.75,57.44,67.928,96.459,138.5,,,,,,
6/1/2005,1245,2937.6,75142.85,377555.13,157.9,200.8,193.6,40,105.6,,76.1,,268,8553.8,204912.28,85744.08,16.66,5,2227,1706.5,318.19,418.95,511.23,552.23,10771,295.26,194.5,18,68.91,64.905,97.329,135.4,,,,,,
7/1/2005,1254,2717.5,54382.08,326662.8,158.6,212.4,200.8,46.5,107.5,,77.9,,264,7662.2,225583.47,82787.51,16.71,5,2082.8,1505,342.11,452.54,488.61,530.9,10394,295.52,195.4,20.97,63.1,74.3375,97.988,140,,,,,,
8/1/2005,1266,2992.5,52565.02,319168.17,159.5,221.4,204.3,42.3,107.7,,77,,262,8994.2,199887.01,88103.21,16.75,4.9,2319,1752.3,385.25,508.49,442.92,478.44,10093,295.77,196.4,19.83,69.53,71.882,97.145,137.3,,,,,,
9/1/2005,1275,2775.9,42899.08,259379.34,160,252,227.8,59.3,104.7,,78.9,,265,8871.1,204435.63,86640.41,16.79,5,2158,1743,410.59,542.72,408.49,446.29,10000,296.04,198.8,16.11,57.56,69.76,98.02,148.3,,,,,,
10/1/2005,1280,2679.2,60696.79,249481.58,153.3,254.6,260.9,64.6,105.7,,79,,269,9118.1,222571.12,89393.17,16.81,5,2080.7,1816.2,438.75,579.93,425.55,467.67,10482,296.31,199.2,8.87,50.39,60.455,98.915,144.1,,,,,,
11/1/2005,1284,2668.1,94782.9,245027.05,154.4,240.4,267.9,61.9,104.2,,75.8,,272,9133.2,240683.85,90838.29,16.84,5,2071.3,1843.2,439.19,579.52,440.69,482.98,11473,296.51,197.6,0.72,48.87,68.482,99.05,149.5,,,,,,
12/1/2005,1280,2667.1,73371.8,302276.25,153.3,235.5,258,48.3,99.2,,78.3,,272,9234.5,242106.48,96797.38,16.87,4.9,2057.3,1866.3,429.89,564.7,431.28,477.54,11726,296.76,196.8,-3.55,47.79,66.2475,98.251,154.7,,,,,,
1/1/2006,1285,2642.6,72897.98,290900.99,162.2,237.2,264.1,45.6,99.5,,79.7,,273,8916.2,230077.99,86318.37,16.91,4.7,2051,1820.5,434.44,571.35,421.31,472.31,11804,296.99,198.3,-2.98,50.35,71.476,97.106,157.9,,,,,,
2/1/2006,1284,2346.6,62187.38,244140.76,162.9,238.3,241.5,58.3,103.6,,88.6,,271,8055.6,251543.45,78131.77,16.99,4.8,1826.9,1637,465.88,611.3,527.68,588.83,12110,297.22,198.7,-2.58,32.93,83.24,97.298,147.6,,,,,,
3/1/2006,1269,2854,79963.42,307880.16,163.1,238.5,229.5,44.9,105,,90.1,,271,9235.8,285477.75,94743.85,17.07,4.7,2203.7,1877.5,440.56,578.63,528.25,595.83,12023,297.42,199.8,0.1,46.9,92.9725,97.499,153.1,,,,,,
4/1/2006,1240,2608.6,90644.48,242922.22,163.3,247.7,220.4,44.4,101.7,,94.9,,272,7959.3,256250.17,79499.86,17.17,4.7,1969.2,1618.3,436.16,574.57,504.98,565.45,11812,297.65,201.5,7.55,52.85,94.5,97.008,150.6,,,,,,
5/1/2006,1244,3039.1,118594.95,274255.81,165.6,252.5,218,48.9,106.3,,101,,270,8536.5,269611.61,78722.76,17.14,4.6,2309,1726,441.27,580.85,520.02,577.39,11559,297.87,202.5,13.46,48.08,86.582,95.084,141.8,,,,,,
6/1/2006,1264,3159.4,105898.99,272350.44,178.1,251.5,208.4,44.7,107.1,,95.8,,267,8343.1,237517.89,79145.86,17.28,4.6,2446.1,1663.3,446.28,589.89,477.01,527.67,11187,298.12,202.9,18.34,60.1,100.0325,96.332,147.5,,,,,,
7/1/2006,1273,2834,103685.16,268987.84,178.8,254.3,208.9,49.3,108.7,,94.9,,263,7882,216137.09,80855.58,17.41,4.7,2213.6,1552.6,449.11,593.59,412.62,446.77,10872,298.38,203.5,21.37,59.93,115.2625,96.493,140.7,,,,,,
8/1/2006,1276,3134.4,107045.77,249819.73,178.7,258.5,210.1,52.4,115.7,,96.2,,262,9095.7,217486.11,83758.53,17.4,4.7,2450,1780.2,479.22,633.24,417.77,454.6,10822,298.63,203.9,19.36,70.91,128.786,96.048,145.6,,,,,,
9/1/2006,1285,2766.6,95791.99,211626.05,178.8,247.1,213.8,63.6,100.3,,99.5,,266,8832.7,220051.48,74107.36,17.47,4.5,2169.9,1753.7,484.5,635.48,415.56,456.75,10986,298.91,202.9,14.55,63.4,103.8225,95.728,147.1,,,,,,
10/1/2006,1291,2858.1,100172.59,234249.9,169.3,235.2,198.3,55.4,102,,101,,269,9632,237708.94,87429.71,17.46,4.4,2236.4,1932,491.92,645.62,458.36,501.63,11385,299.16,201.8,8.18,63.27,90.382,95.465,146.3,,,,,,
11/1/2006,1295,2842.4,104880.74,241320.04,164.4,233.3,214.8,50.9,109.3,,106,,272,9364.9,294460.82,85273.88,17.51,4.5,2226.6,1896.4,485.71,636.44,488.41,536.7,11969,299.4,201.5,0.89,47.2,75.8975,94.482,159.3,,,,,,
12/1/2006,1300,2612.5,103111.57,246212.54,164.8,240.9,221.3,52.5,109.6,,107,,271,8882.8,278772.67,81691.05,17.52,4.4,2049.6,1796.4,520.33,682.1,468.48,518.59,11973,299.66,201.8,-2.35,52.07,82.3625,93.878,176.5,,,,,,
1/1/2007,1290,2800.3,88015.6,270127.44,168.903,232.476,217.428,73,109,212.1,104,134.6,271,9365,278803.93,72565.25,17.5,4.6,2166,1898.5,482.08,630.24,442.5,493.35,11974,299.89,202.42,-5.46,46.39,80.148,94.812,176.588,177.805,146.626,146.44,172.747,165.741,213.161
2/1/2007,1274,2561.2,88273.9,223064.59,168.87,238.651,218.173,60.1,105.6,215.8,108,156.4,269,8117.3,250381.48,77317.26,17.47,4.5,1952.5,1636.3,470.57,615.55,484.3,539.99,11726,300.1,203.5,-4.56,33.98,81.46,94.643,190.534,180.997,151.905,146.366,170.358,166.031,217.949
3/1/2007,1260,2793,92747.49,276724.42,169.346,245.141,222.221,66.1,108.3,221.4,115,154.3,270,9201.7,263635.51,89382.99,17.52,4.4,2118.2,1861,458.9,598.29,483.2,539.42,11599,300.29,205.35,1.14,46.06,86.0475,94.397,184.878,181.778,152.622,150.995,176.106,169.23,215.625
4/1/2007,1235,2701.4,105205.87,301300.99,169.385,249.477,220.779,71.1,113.1,236.1,115,136.9,270,8466.9,224826.09,85218.4,17.51,4.5,2015,1711.5,427.19,559.04,494.76,552.63,11644,300.51,206.69,6.76,48.4,86.42,93.274,178.626,182.456,158.206,155.146,169.135,168.387,215.4
5/1/2007,1232,3051.4,126889.87,302812.03,172.342,250.627,221.801,86.1,118.4,265.6,107,143.2,269,8761.5,242836.7,85744.99,17.6,4.4,2285.1,1762.6,417.26,546.46,528.53,590.81,11297,300.73,207.95,13.34,56.15,93.016,92.615,183.757,184.626,155.751,154.565,176.349,173.426,223.565
6/1/2007,1250,3076.5,132357.45,280394.06,184.194,251.241,223.313,86.5,122.8,252.7,101,153.1,267,8297.2,218845.74,85465.71,17.74,4.6,2348.5,1654.1,411.48,543.07,491.95,546.54,11272,300.97,208.35,18.14,62.4,99.7425,92.351,176.265,185.566,156.625,153.31,179.754,174.638,224.565
7/1/2007,1269,2903.1,165174.68,308686.52,184.408,257.111,219.865,81.6,128.1,252.7,105,133.3,264,8399,220074.97,82078.43,17.74,4.7,2256.7,1659.5,430.32,567.81,467.95,513.82,10737,301.23,208.3,20.98,66.75,113.936,90.982,188.075,184.878,154.001,151.872,181.689,175.007,225.4
8/1/2007,1279,3132.1,132838.23,253077.1,184.081,257.371,211.181,71.3,125.7,252.7,105,126,263,9394.5,242404.97,81582.5,17.81,4.6,2450.6,1850,467.73,615.86,455.85,496.71,10299,301.5,207.92,20.59,59.58,136.51,91.185,196.412,185.111,154.855,151.828,181.99,173.138,230.415
9/1/2007,1290,2664.6,126755.3,212153.4,184.365,265.137,208.211,73.7,134.2,249,111,124.2,266,8772.8,240800.09,76859.27,17.89,4.7,2094.7,1746,480.94,633.58,458.25,502.59,10302,301.77,208.49,15.89,57.15,129.35,90.101,211.646,186.444,157.229,153.683,182.777,171.25,226.561
10/1/2007,1300,3102,136387.79,226351.33,177.244,274.111,209.993,78,139.5,252.7,113,124.8,270,10656.6,312874.53,84162.02,17.89,4.7,2443,2145.1,486.72,638.54,484.93,528.28,10967,302.03,208.94,9.21,58.96,120.056,88.173,207.972,186.803,153.656,152.013,182.936,170.09,222.039
11/1/2007,1304,2830.7,121055.02,185200.7,173.406,310.618,218.791,73.7,148.3,249,118,144.8,272,10049.2,343129.56,73594.02,17.95,4.7,2228.8,2045.2,488.03,639.33,494.75,540.05,11769,302.29,210.18,2.33,32.45,109.0225,87.131,214.72,187.961,155.823,153.032,180.889,167.561,217.917
12/1/2007,1302,2647.9,118262.96,212271.4,173.357,319.208,220.496,66.6,166.9,250.9,115,165.7,272,9689.9,302567.78,74467.12,18.01,5,2061.4,1972.7,475.31,620.73,474.57,523.67,12099,302.53,210.04,-3.64,58.99,104.425,87.764,234.018,186.936,155.076,152.557,175.954,167.482,219.14
1/1/2008,1291,2899.4,131644.98,216399.27,175.219,326.483,220.065,67.1,179,249,111,193.8,273,10562.7,357092.04,73069.99,18.08,5,2232.7,2159,482.51,630.09,458.67,518.71,12092,302.75,211.08,-6.01,46.12,101.98,87.097,237.923,188.526,155.454,150.407,176.625,168.615,217.441
2/1/2008,1285,2642.7,126044.35,190150.2,174.606,328.985,225.808,61.6,193.2,254.6,113,190.2,271,9377.4,392935.95,71780.36,18.19,4.9,2038.6,1902.7,450.78,588.44,574.93,652.92,11966,302.97,211.69,-4.14,49.73,94.1275,86.04,238.822,189.583,155.755,151.595,173.4,165.484,216.966
3/1/2008,1276,2728.3,136958.08,231715.87,175.639,363.868,233.931,60.6,215.2,263.8,116,217.8,271,9660.6,361232.99,72547.9,18.15,5.1,2100.5,1962,436.55,565.84,611.83,689.1,11853,303.19,213.53,0.26,50.26,84.22,84.369,240.073,190.455,157.341,152.14,173.875,167.082,216.824
4/1/2008,1259,2961.1,147391.67,209012.86,177.818,380.632,244.862,65.7,216.3,289.6,116,232.1,269,9996,440182.51,69923.66,18.32,5,2255.4,2015.6,426.71,553.16,657.34,744.46,11684,303.38,214.82,6.03,54.21,77.572,83.939,233.184,189.647,152.435,150.526,181.26,166.326,216.807
5/1/2008,1251,3139.6,173932.85,229374.04,182.26,411.126,258.374,59.3,218.3,326.5,131,228.3,268,9062.1,480808.65,67003.05,18.42,5.4,2380.1,1815.5,416.35,542.68,663.44,744.87,11135,303.62,216.63,12.2,60.25,71.19,84.297,217.127,189.745,156.272,153.924,178.318,171.066,215.096
6/1/2008,1261,2956.6,175944.86,222290.84,194.434,447.302,271.234,67.6,222.7,317.3,126,256,266,8883.1,461278.6,68531,18.48,5.6,2263.4,1761.8,420.37,549.94,579.4,652.94,10815,303.85,218.82,17.71,70.29,74.535,84.79,217.185,193.7,159.626,156.174,179.421,179.062,217.012
7/1/2008,1273,3062.5,196186.93,202946.7,199.068,451.625,291.713,77.2,235.4,326.5,124,240.5,262,9462.8,405976.08,68017.47,18.49,5.8,2371.6,1852.5,428.12,558.66,530.12,597.01,10295,304.09,219.96,20.21,72.65,78.722,84.403,218.744,193.513,162.625,158.571,184.665,180.339,216.816
8/1/2008,1284,2908.3,233150.39,195240.16,200.795,408.493,272.982,72.7,230.1,332,121,205.4,261,9263.7,372357.38,62861.43,18.52,6.1,2266.8,1803.9,430.82,563.47,505.27,561.28,9869,304.36,219.09,19.08,63.57,78.9575,86.469,209.879,199.697,165.428,161.504,185.925,178.974,224.977
9/1/2008,1297,2889.4,213596.93,186068.07,198.579,381.707,247.788,81.7,208.4,324.7,121,201.4,266,9969.5,333609.18,60467.99,18.54,6.1,2269.9,1975.8,441.15,572.63,502.67,560.56,9997,304.61,218.78,15.05,60.98,69.426,88.577,219.475,202.052,166.834,159.601,189.218,182.551,224.354
10/1/2008,1303,2989.1,177107.03,182821.6,191.513,339.343,239.218,76.8,183.5,317.3,118,152.6,269,10746.1,390995.81,70666.7,18.56,6.5,2340.9,2159.9,454.52,590.21,526.17,576.7,10415,304.86,216.57,7.33,48.66,68.155,93.653,213.268,206.215,169.383,159.174,194.328,179.264,224.254
11/1/2008,1302,2516.3,139989.04,205888.46,187.473,288.406,235.114,76.3,158.9,300.7,113,144.9,271,9323.1,343467.56,69177.24,18.64,6.8,1959.3,1886.1,470.98,612.39,528.03,578.6,10972,305.09,212.43,0.99,42.11,66.7475,94.488,213.995,206.39,164.43,155.123,189.969,178.096,221.798
12/1/2008,1303,2671.5,144352.17,266238.43,188.342,252.024,232.548,77.7,146.9,285.9,109,126,270,10145,311526.76,77836.89,18.67,7.3,2082,2052.1,481.56,626.43,526.68,592.97,11346,305.3,210.23,-4.63,58.18,67.75,92.995,212.819,207.712,162.822,154.867,185.401,178.47,219.838
1/1/2009,1306,2717.7,141322.08,257342.76,190.471,238.731,227,68.9,148.1,274.9,110,139.8,272,9927.3,321135.2,71628.51,18.67,7.8,2117.9,2027,492.64,642.05,555.64,634.54,11234,305.52,211.14,-6.08,37.77,64.045,93.776,215.285,205.371,164.311,150.345,186.741,174.989,221.711
2/1/2009,1310,2528.5,134902.87,198471.44,190.645,233.018,218.459,71,144.5,263.8,108,146,272,8918.9,338600.62,60951.59,18.68,8.3,1986,1817.3,462.65,603.66,606.94,692.96,11288,305.71,212.19,-2.88,36.27,72.3225,96.397,207.79,207.261,165.065,151.815,184.727,172.324,220.023
3/1/2009,1305,2729.5,146287.42,247554.79,190.065,220.067,207.179,63.1,135.7,252.7,110,147.9,272,9656.9,365404.33,72787.12,18.75,8.7,2144,1969.7,434.51,567.51,624.48,708.97,11228,305.92,212.71,0.13,56.01,75.858,96.599,197.655,204.024,160.692,150.926,187.811,172.842,217.012
4/1/2009,1276,2772.6,151163.9,269595.58,189.007,223.648,193.534,59.7,151.6,245.3,111,150.1,272,9436.7,344391.2,67558.4,18.75,9,2133.4,1925,425.88,555.86,594.13,678.21,11162,306.11,213.24,6.17,55.3,65.5275,94.212,199.151,202.475,157.691,151.24,176.971,169.605,214.729
5/1/2009,1264,2849.3,173129.86,237709.22,191.066,222.165,182.464,59.4,153.1,254.6,106,166.2,271,8453.3,304470.44,62567.28,18.75,9.4,2179.4,1716.8,410.71,535.46,612.29,699.34,10822,306.32,213.86,13.17,63.4,52.9025,91.481,178.496,199.719,154.613,152.725,181.982,165.84,219.683
6/1/2009,1269,2981.5,173688.2,243243.25,199.924,234.5,183.979,69.5,159.3,236.1,101,173.9,269,9182.3,297052.3,65965.63,18.72,9.5,2289,1847.7,417.88,546.77,584.54,669.02,10407,306.54,215.69,17.42,64.99,48.802,90.863,176.952,197.656,154.864,152.597,182.422,169.742,218.762
7/1/2009,1282,2921.6,166465.71,242474.37,199.251,233.688,186.191,75.9,138.8,221.4,98.1,140.5,267,9148.3,352795.91,71860.11,18.76,9.5,2271.2,1828.5,434.8,570,577.91,658.58,9752,306.77,215.35,20.09,67.4,54.2825,90.457,172.153,191.986,152.845,149.175,183.853,168.698,216.669
8/1/2009,1293,2781.9,167056.29,202661.12,198.36,245.314,183.632,63.5,142.9,204.8,94.4,135.9,268,9340,304495.99,67522.89,18.79,9.6,2184.2,1868.9,444.81,579.42,539.7,616.61,9637,307.01,215.83,18.91,66.81,51.6425,89.397,182.337,195.874,152.601,150.445,186.793,168.347,213.144
9/1/2009,1310,2814.7,162427.63,177319.63,198.286,244.478,178.424,68.3,137,202.9,97.1,130.5,270,9939.8,349375.03,70359.54,18.79,9.8,2234.1,2002.1,420.1,549.32,530.15,592.73,9890,307.27,215.97,15.61,54.63,49.7,88.762,180.093,194.534,156.019,148.798,182.784,165.729,214.28
10/1/2009,1312,2886.1,176574.23,195727.88,190.376,249.977,181.922,61.9,136.2,201.1,97.1,142.9,272,10319.2,374688.81,72546.41,18.91,10,2275.7,2089,428.91,559.78,528.68,587.32,10474,307.52,216.18,7.07,85.01,43.7425,87.624,180.101,193.539,155.475,147.398,183.732,163.818,213.175
11/1/2009,1298,2600.7,172569.37,169268.78,187.708,268.379,191.324,77.8,146.6,202.9,97.9,144.4,272,9461.8,380610.02,73601.6,18.94,9.9,2016.1,1921.7,427.72,559.78,516.3,568.87,11134,307.76,216.33,1.64,34.92,37.9225,87.184,191.531,194.121,163.015,148.29,176.662,164.202,209.394
12/1/2009,1296,2754.2,169171.27,184787.71,187.388,268.396,190.497,82.9,153.5,202.9,96.2,144.4,270,9834.2,361091.81,76416.85,19.04,9.9,2134.4,1985.3,430.91,564.66,482.82,539.82,11277,307.95,215.95,-5.28,57.97,40.25,87.412,198.747,195.073,158.812,147.026,169.673,164.203,211.75
1/1/2010,1290,2705.4,153745.72,184880.96,186.903,284.786,199.199,74.1,152.3,208.5,97.7,142.4,272,8907,314226.33,63640.63,19.12,9.8,2081.8,1809.7,430.28,564.61,471.13,525.47,10983,308.17,216.69,-5.92,50.02,45.1,87.434,199.592,194.269,157.523,144.197,177.133,165.87,214.415
2/1/2010,1285,2546.8,156940.55,166209.25,185.448,277.928,200.12,75.3,150.2,204.8,93,136.8,270,8691.3,360952.44,65145.46,19.15,9.8,1955.2,1757.5,426.26,556.8,492.29,551.63,10959,308.38,216.74,-4.08,39.51,38.16,88.402,204.419,197.606,158.467,144.402,176.698,175.602,216.122
3/1/2010,1273,2911.5,167265.96,221660.86,189.061,279.826,195.832,64.3,151.1,204.8,95.3,137.5,272,10031.5,370089.68,70165.71,19.14,9.9,2211.2,2040.1,404.51,525.65,515.91,574.84,10839,308.57,217.63,0.99,44.59,39.328,87.525,202.397,197.833,161.596,146.765,182.42,168.296,215.105
4/1/2010,1253,2846,177142.8,208880.4,190.21,286.351,188.014,74.1,153.2,208.5,96.7,137.6,273,9056.2,352662.49,64443.64,19.13,9.9,2139.2,1849.1,384.6,501.55,513.07,575.91,10727,308.76,218.01,7.62,45.73,42.875,86.922,196.434,201.568,162.327,154.064,181.365,170.031,216.385
5/1/2010,1250,2784.1,204007.21,232284.73,192.416,282.293,186.595,82.8,151.8,223.2,94.4,145.4,272,7971.6,362855.74,65296.42,19.15,9.6,2087.2,1621.3,369.49,481.29,483.71,553.59,10413,308.95,218.18,12.58,63.74,41.135,89.104,178.089,202.091,162.906,157.808,184.799,177.155,221.047
6/1/2010,1261,3049.5,204007.96,249618.8,200.767,273.349,187.442,67.6,156.1,219.5,95.1,138,271,9046.3,365206.07,74605.55,19.15,9.4,2320,1831.7,362.78,474.63,446.05,507.05,10490,309.13,217.97,18.06,78.97,37.918,89.446,179.397,206.486,162.92,157.989,190.083,175.946,225.645
7/1/2010,1273,2899.2,204219.07,233195.85,201.914,268.947,192.003,71.6,155.7,215.8,98.2,141.9,269,8469,327426.22,74739.09,19.1,9.4,2229.6,1702.2,374.22,486.88,412.98,468.58,10056,309.34,218.01,20.45,79.34,36.0125,87.973,176.827,207.811,163.995,155.442,194.444,179.097,233.322
8/1/2010,1277,2954.9,201131.5,208791.04,201.624,271.261,190.655,73.7,157.8,214,95.1,145.7,267,9114.9,301879.7,83193.53,19.15,9.5,2286.6,1815.3,388.8,504.31,391.19,438.41,9860,309.56,218.31,20.17,61.09,35.396,87.205,183.633,207.084,163.143,153.957,193.566,179.591,239.733
9/1/2010,1289,2897.4,185120.95,156477.1,200.405,273.386,183.759,69.8,162.4,215.8,96.8,172.9,270,9346.6,321422.85,79102.49,19.16,9.5,2252.2,1883.5,387.44,501.25,388.29,436.3,10166,309.79,218.44,15.56,63.05,44.1325,86.268,200.526,204.459,167.374,155.89,197.465,180.791,247.874
10/1/2010,1298,2862.1,207648.02,164284.32,191.481,286.119,185.293,69.9,176.7,217.7,96,202.3,276,9732.2,339064.33,77520.08,19.21,9.4,2234.9,2002.7,396.82,513.93,424.32,471.94,10783,310.02,218.71,9.19,43.16,52.2425,83.909,181.307,208.814,164.638,157.373,201.038,180.405,259.438
11/1/2010,1299,2876.3,216169.18,130688.6,188.198,298.22,182.12,70.5,196.4,215.8,97.8,208.5,278,9971.5,405474.97,73877.71,19.28,9.8,2235.5,2068,414.65,539.88,481.65,535.01,11492,310.21,218.8,1.38,50.07,58.366,83.952,200.587,208.405,168.503,156.289,193.286,175.481,256.581
12/1/2010,1305,2915.9,222208.25,140951.26,188.711,312.718,185.106,68.2,212.4,223.2,96,221.3,277,9921.8,401270.58,67759.09,19.25,9.3,2270.9,2055.4,435.17,569.06,467.95,521.37,11615,310.39,219.18,-5.31,48.49,64.135,84.59,210.791,207.192,166.61,154.997,188.865,176.732,240.821
1/1/2011,1301,2734,190085.56,147865.38,189.166,333.993,186.351,68.6,208.4,223.2,97.3,232.2,278,9104.4,368694.21,63707.91,19.37,9.1,2122.9,1896.2,444.96,585.16,475.83,541,11493,310.59,220.22,-5.75,38.43,65.4125,83.564,208.653,213.417,170.099,158.365,192.925,178.559,238.648
2/1/2011,1286,2621.3,197760.63,138556.58,189.539,353.223,188.289,70,222.1,234.3,95.8,261.3,277,8506,388776.51,60458.49,19.4,9,2020.4,1768.1,461.73,605.21,538.75,607.71,11566,310.75,221.31,-4.11,47.74,72.2075,82.986,204.698,217.205,175.273,160.513,192.465,184.514,241.997
3/1/2011,1276,2959.1,245409.86,175004.93,191.028,375.042,185.11,71.2,223.9,250.9,99.5,250.9,278,9872.5,490262,76801.93,19.34,9,2266.2,2054.4,459.83,601.34,574.24,641.4,11386,310.9,223.47,0.76,55.18,74.584,82.305,204.357,224.675,179.087,162.842,198.432,186.126,250.357
4/1/2011,1257,2719.1,223305.54,187899.68,191.323,386.95,185.197,70.5,231.5,285.9,105,287.1,277,8628.8,421315.84,68157.23,19.36,9.1,2052.5,1790.7,445.53,583.92,574.4,639.09,11257,311.08,224.91,6.49,62.12,81.2625,81.023,205.772,226.002,178.481,166.69,192.845,183.008,257.556
5/1/2011,1253,2818.7,234750.86,197649.26,195.838,383.814,184.327,81.1,232.1,343.1,119,278.2,275,8542.6,405775.35,64500.25,19.4,9,2131.9,1759.7,443.15,581.1,549.28,611.06,11175,311.26,225.96,12.24,68.62,84.22,81.05,201.881,229.558,180.14,167.724,197.454,187.726,268.73
6/1/2011,1262,3101.7,244324.57,207047.23,203.836,375.363,185.94,84.5,231.9,332,123,301.7,273,8939,380859.59,62539.96,19.45,9.1,2375,1820,447.64,587.09,548.32,611,10902,311.43,225.72,17.86,62.15,96.5775,80.831,199.274,229.16,179.559,164.337,201.709,187.356,270.859
7/1/2011,1272,2764.5,269708.34,194107.23,205.963,368.867,186.719,76.2,232.2,348.6,133,279.8,268,8157.8,385689.34,62425.55,19.53,9,2134.1,1637.1,432.76,567.88,495.06,559.07,10433,311.64,225.92,21.07,65.33,103.565,80.238,200.312,231.615,183.867,164.998,201.948,188.149,269.479
8/1/2011,1270,3097.1,261626.06,189001.48,205.362,367.286,186.808,82.3,224.4,352.3,135,283.2,266,9530,433020.69,68295.18,19.56,9,2386.9,1892.1,415.2,544.87,454.34,511.78,10579,311.86,226.55,20.16,64,111.5,80.787,210.183,229.377,182.629,168.733,207.019,191.42,272.361
9/1/2011,1278,2876,234879.63,164932.35,205.812,364.563,184.144,84.1,236.7,361.6,129,286.7,270,9691.1,440993.51,63257.52,19.64,9,2215.2,1954.4,428.63,559.25,442.9,501.57,10700,312.1,226.89,15.49,57.77,106.495,83.163,222.806,227.986,182.626,169.64,210.409,194.789,273.22
10/1/2011,1289,2856.9,229729.16,156930.59,197.003,362.809,181.22,78.6,223.5,374.5,133,252.5,275,9903.8,482109.39,69037.05,19.61,8.8,2215.1,2033.2,427.59,559.09,491.91,557.62,11282,312.31,226.42,9.03,49.08,103.755,83.746,222.655,229.568,183.662,170.632,208.948,192.897,272.885
11/1/2011,1293,2784.7,223829.04,141054.76,193.193,372.654,179.708,82,221.9,365.3,124,256.4,278,10042.4,504818.02,75121.52,19.57,8.6,2148.8,2086.7,416.95,546.21,488.72,551.89,11879,312.51,226.23,0.41,55.19,103.076,84.267,221.102,229.747,185.874,170.929,203.782,191.89,274.08
12/1/2011,1297,2753.4,229649.88,156476,192.777,369.085,178.193,80.3,216.1,367.1,131,237.6,278,9941.8,493756.81,69125.52,19.61,8.5,2126.3,2065.6,443.76,581.1,495.12,558.85,12051,312.71,225.67,-2.73,52.36,90.6425,84.972,224.215,231.838,188.284,172.004,199.586,191.979,270.693
1/1/2012,1300,2714.7,182213.9,190194.17,193.612,374.377,176.044,75.5,217.6,354.2,132,259.4,278,9539.2,500271.93,65557.45,19.55,8.3,2113.1,1987.3,457.22,600.26,484.5,542.04,11860,312.91,226.67,-5.4,46.19,101.356,84.317,228.508,236.104,187.714,173.762,197.808,191.558,272.199
2/1/2012,1307,2557.6,182065.3,168756.44,193.183,384.747,169.753,77,225.5,365.3,142,256.8,278,9044.7,456005.46,67508,19.52,8.3,2008.9,1883,485.06,639.05,585.31,650.77,11801,313.06,227.66,-1.46,41.71,104.5975,83.067,213.58,238.582,189.733,172.282,195.138,189.127,272.819
3/1/2012,1299,2753.4,193775.89,223132.75,192.148,395.016,168.196,76.3,230.9,370.8,147,268.2,279,9520.7,485622,74354.3,19.61,8.2,2159.5,1987.7,470.81,619.46,622.67,690.14,11677,313.25,229.39,2.74,55.12,104.08,83.438,214.704,239.639,189.709,174.754,204.357,189.032,271.549
4/1/2012,1281,2569.5,207562.8,212952.93,192.472,390.483,163.692,82.1,234.7,381.9,146,258.7,278,8827.1,450249.31,64135.96,19.67,8.2,1990.6,1841.9,503.17,659.61,610.32,679.38,11502,313.43,230.09,8.05,47.62,105.24,83.623,217.374,239.943,188.498,176.982,201.296,189.677,266.037
5/1/2012,1280,2875.6,207773.13,241803.24,196.159,379.681,156.863,86,232.9,396.6,138,249.7,277,9285,447382.39,62808.75,19.56,8.2,2231.9,1926.8,517.85,678.28,659.73,734.38,11110,313.6,229.82,13.51,53.81,102.264,84.849,204.654,243.203,188.624,177.107,201.836,189.546,260.175
6/1/2012,1290,2864.1,209085.67,213845.9,204.907,349.807,160.714,86.4,227.4,370.8,130,247.6,274,8548.7,403019.63,64214.62,19.59,8.2,2250.7,1750.5,497.9,651.56,636.02,709.14,11077,313.79,229.48,18.42,55.25,119.7575,85.943,205.608,245.851,189.602,177.613,205.767,189.153,258.077
7/1/2012,1295,2792.8,230645.78,193020.09,203.318,348.104,162.972,82.2,238.5,365.3,135,298.4,269,8566.3,398413.06,69037.53,19.57,8.2,2201.4,1721.9,468.73,612.97,592.88,665.41,10710,313.99,229.1,21.44,66.51,171.61,85.404,205.063,245.052,192.476,179.706,204.247,190.722,262.421
8/1/2012,1300,2997.7,225194.08,181325.22,202.87,364.165,165.953,74.5,236.2,374.5,141,312.3,269,9943.4,419184.83,68972.68,19.48,8.1,2368.6,1998.1,461.05,600.69,549.62,624.27,10656,314.22,230.38,19.85,60.81,183.8125,84.849,221.771,245.038,191.736,177.881,209.299,192.493,273.391
9/1/2012,1311,2542.7,194557.33,141538.02,202.628,379.131,164.528,73.2,242.5,378.2,140,310.1,271,9455,433400.22,60286.69,19.48,7.8,2015.5,1911.2,432.78,565.57,585.8,670.08,10642,314.46,231.41,15.26,65.68,181.6025,83.707,220.269,244.391,189.495,178.215,208.772,187.761,273.734
10/1/2012,1318,2954.7,222664.27,141128.6,194.544,383.117,165.966,79.6,227.2,391.1,144,297.7,274,10856.3,492723.97,66741.2,19.46,7.8,2344.8,2210.7,424.93,552,630.45,711.61,10994,314.68,231.32,7.88,51.35,173.94,83.512,222.906,244.606,194.019,178.462,207.877,189.42,270.008
11/1/2012,1321,2785,200212.81,149572.47,191.837,382.355,171.243,87.4,212.1,396.6,144,292.8,276,10107.8,466491.82,70675.63,19.47,7.7,2207.5,2079.2,430.34,558.49,603.5,679.69,11259,314.88,230.22,1.96,33.74,170.9675,83.81,224.591,245.08,194.837,178.12,199.813,188.79,265.947
12/1/2012,1324,2543,196747.84,162513.67,191.879,382.532,173.098,92.3,216.7,400.3,142,293.7,276,9469.1,426595.62,67391.07,19.43,7.9,2020.1,1954.2,441.76,574.49,558.69,630.88,11358,315.07,229.6,-3.65,57.31,181.2825,83.115,226.67,244.927,194.383,179.126,194.993,184.854,265.93
1/1/2013,1328,2835.9,191216.31,199225.03,194.525,381.889,171.597,82.8,216.7,400.3,146,297.8,277,9956.4,421981.33,68216.05,19.63,8,2261.3,2064.9,465.72,608.26,551.51,624.96,11182,315.24,230.28,-4.32,52.31,176.012,83.004,223.525,245.235,193.886,178.718,195.533,186.318,268.999
2/1/2013,1320,2358.1,177062.77,173952.07,194.739,393.782,171.888,82.2,222,402.1,151,286.2,277,8591.2,397493.06,68296.11,19.56,7.7,1873.4,1778.4,484.61,636.09,606.43,688.62,11024,315.37,232.17,-3.51,43.19,164.2725,83.863,225.996,246.302,194.929,178.976,197.176,190.533,268.209
3/1/2013,1313,2586.9,188408.25,216841.88,193.856,385.552,171.248,84.1,217.2,404,152,297.5,277,9316.2,396821.88,71009.71,19.5,7.5,2039.8,1932,489.98,645.95,633.4,714.27,10797,315.52,232.77,-0.19,37.02,155.1175,84.271,221.889,247.142,198.013,177.8,204.338,187.813,276.363
4/1/2013,1296,2731.1,179946.12,231945.42,194.553,368.552,176.159,89.6,221.4,396.6,157,264.7,277,9358.3,396846.02,69211.16,19.58,7.6,2128.6,1940.8,511.23,676.6,647.78,733.7,10881,315.69,232.53,4.61,60.38,144.384,83.676,224.205,246.498,194.714,176.642,196.912,185.559,273.975
5/1/2013,1289,2863,222296.37,204829.74,199.557,357.838,179.173,78.8,220.3,407.7,146,278.3,276,9210.4,429773.74,72576.47,19.66,7.5,2227.6,1898.9,510.13,675.74,700.98,797.07,10735,315.84,232.95,12.27,75.63,134.5325,83.969,217.511,245.786,194.723,179.341,201.565,187.267,272.482
6/1/2013,1300,2730.9,233819.51,191958.71,208.737,355.966,179.557,89.7,217.8,405.8,143,284.9,274,8196.2,397921.66,67883.7,19.73,7.5,2157,1676.3,482.57,639.9,658.95,749.39,10738,316.04,233.5,18.67,75.56,125.4375,84.593,219.841,244.603,196.633,181.008,208.734,181.185,279.664
7/1/2013,1302,2894.9,264240.99,191708.77,209.538,359.78,177.356,86.3,215.3,385.5,141,274.6,271,9077.4,406051.8,77329.28,19.83,7.3,2294.1,1840.3,481.25,637.52,565.06,649.26,10327,316.23,233.6,20.71,74.06,137.166,85.033,218.907,245.389,198.78,182.609,208.325,186.816,286.956
8/1/2013,1310,2817.3,239604.15,168090.65,208.514,364.124,173.861,91.4,196.6,368.9,137,223.2,271,9555.3,404051.99,75209.85,19.99,7.2,2241.2,1938.4,462.6,613.34,543.67,612.88,9991,316.45,233.88,19.73,61.89,140.0225,84.972,219.527,247.96,197.697,180.187,211.512,188.956,295.784
9/1/2013,1313,2608.9,212236.24,155145.69,209.106,367.519,173.315,87.7,195.2,357.9,133,201.2,273,9023.9,394431.45,76506.1,20.01,7.2,2073.8,1842.9,430.24,568.73,548.98,623.06,9847,316.69,234.15,15.65,72.72,135.9975,84.572,222.447,247.099,195.785,180.152,214.49,191.601,299.093
10/1/2013,1327,2904.3,235324.24,183151.54,200.392,365.45,173.329,89.1,187.7,356,139,175.4,278,10420,434801.9,77212.58,20.11,7.2,2318.2,2169,445.16,589.68,567.83,640.19,10081,316.92,233.55,8.83,59.16,105.082,83.627,224.875,246.754,195.857,181.464,212.717,188.039,299.287
11/1/2013,1339,2569.1,216321.48,166540.53,197.442,366.749,173.035,88.4,182.7,346.8,136,171.3,283,9641.4,453341.69,80886.9,20.09,6.9,2057.6,2039.9,440.11,582.24,565.02,635.66,10557,317.14,233.07,0.54,47.52,97.66,84.312,232.112,249.25,199.307,180.611,206.038,188.231,294.04
12/1/2013,1334,2561.9,227902.27,166286.6,198.043,375.607,172.898,87.9,185.7,345,133,172.3,283,9730.1,452450.34,75260.07,20.17,6.7,2047.3,2065.4,450.76,597.49,546.24,608.65,10682,317.33,233.05,-5.26,50.73,91.488,84.504,239.794,249.188,200.336,181.03,198.996,190.611,291.393
1/1/2014,1334,2679,201680.2,180857.92,203.026,389.522,179.982,87.6,174.9,341.3,135,170.6,284,9790,452919.76,69476.11,20.12,6.6,2140.9,2085.7,439.37,583.66,554.33,617.52,10523,317.52,233.92,-3.74,36.26,97.6825,85.312,237.216,248.864,196.519,181.533,200.784,190,289.675
2/1/2014,1330,2244.1,182822.68,171012.54,202.224,405.344,186.095,85.4,176.7,346.8,138,174.7,283,8667.7,438252.36,63789.07,20.3,6.7,1788.4,1844.2,429.3,569.35,618.75,689.19,10678,317.7,234.78,-4.71,44.38,103.5175,85.46,238.832,258.323,212.668,186.82,204.716,186.715,287.435
3/1/2014,1318,2449.1,198541.21,244999.09,204.131,393.705,199.34,84.9,193.8,352.3,142,187,285,8673.7,507575.78,79370.57,20.36,6.7,1937,1854.4,409.51,541.2,654.71,721.09,10716,317.86,236.29,0.07,46.75,102.8375,85.377,243.859,264.043,212.461,191.713,210.867,195.601,286.774
4/1/2014,1306,2595.3,207215.58,270626.05,198.654,382.025,196.872,83.6,187.3,380,156,199.2,287,8858.1,463497.05,78956.23,20.53,6.3,2043.1,1911,405.79,537.11,575.54,629.32,10792,318.03,237.07,6.87,61,106.824,84.975,244.994,271.026,219.367,198.051,204.898,206.589,298.891
5/1/2014,1299,2635.6,224799.04,244827.14,206.715,376.855,192.303,89,182.5,413.2,141,198.5,287,8618.4,444440.11,83751.8,20.56,6.3,2071.7,1859.1,402.28,531.91,583.89,637.91,10554,318.22,237.9,13.33,58.04,112.365,84.637,239.417,271.309,219.814,197.386,211.13,211.135,314.188
6/1/2014,1307,2606.4,235297.37,251872.34,217.529,370.317,188.769,88.1,178.9,409.5,132,178.8,285,8098.2,433747.66,77884.04,20.53,6.1,2069,1734,377.64,498.64,575.82,637.09,10497,318.42,238.34,17.55,85.12,106.3425,84.702,238.748,271.726,218.323,198.113,216.353,207.114,311.246
7/1/2014,1320,2601.7,229487.95,262711.12,217.93,367.725,189.659,97.2,170,398.5,133,148.3,283,8459.9,412688.03,79655.91,20.48,6.2,2087.4,1799.8,358.17,473.5,537.45,596.85,10043,318.62,238.25,19.96,68.21,99.176,84.472,238.942,270.724,221.891,199.104,224.094,206.189,306.072
8/1/2014,1329,2499.6,230558.7,245405.19,217.148,363.42,183.96,99.8,165.3,385.5,132,142.8,282,8269.1,371413,82973.31,20.6,6.2,2023.5,1752.2,367.94,486.23,533.26,595.27,9752,318.87,237.85,19.5,74.24,97.97,85.101,240.868,279.812,235.275,208.373,233.452,214.863,309.122
9/1/2014,1344,2531.1,219731.66,256648.13,215.054,355.892,183.376,93.2,153.6,363.4,125,136.2,283,8829.2,361828.07,94544.5,20.6,5.9,2068.4,1871.9,346.56,457.56,543.67,607.66,9719,319.11,238.03,15.57,63.1,92.39,86.235,241.285,289.685,234.681,210.362,238.459,212.681,310.328
10/1/2014,1355,2639.9,227988.24,272555.11,206.667,341.771,179.226,104.6,152.8,357.9,128,131,286,9951.4,410130.21,108625.41,20.61,5.7,2171.1,2126.4,378.17,499.62,550.62,611.42,9985,319.35,237.43,9.13,51.83,88.6225,87.209,239.846,292.588,233.684,209.849,239.559,213.876,300.653
11/1/2014,1363,2246.8,203641.32,258158.88,202.889,329.681,178.558,104.5,157.7,339.4,127,140.1,286,8809.8,387815.04,89102.58,20.67,5.8,1849.5,1890.2,380.93,504.37,533.08,599.43,10571,319.57,236.15,0.42,44.47,88.48,88.486,246.497,296.616,238.252,208.035,234.507,210.408,293.284
12/1/2014,1363,2439.3,211990.16,287209.06,204.275,303.844,182.908,110.6,149.5,337.6,122,150.8,286,9850.3,407357.74,103006.86,20.74,5.6,2000.2,2114.3,400.83,532.35,492.75,549.22,10816,319.77,234.81,-1.26,55.97,89.516,90.26,265.375,297.063,241.682,209.999,225.163,209.774,288.576
1/1/2015,1358,2417.6,160399.35,296859.22,208.172,273.718,179.184,104.7,150,321,122,149.5,287,9758.9,366124.79,92365.93,20.72,5.7,1963.5,2104.5,444.38,590.71,503.79,558.61,10626,319.96,233.71,-4.27,42.32,86.66,91.827,256.599,301.04,239.039,208.501,223.955,205.545,289.399
2/1/2015,1355,2170.2,177168,255010.19,208.696,279.04,173.978,93.4,147.9,317.3,131,152.9,285,9077.1,402382.07,84811.83,20.7,5.5,1768.1,1945.2,492,652.6,595.67,661.58,10713,320.1,234.72,-3.62,39.55,95.74,92.959,259.024,303.062,239.587,210.841,225.557,201.93,284.602
3/1/2015,1347,2381,185922.67,325699.49,205.894,295.603,170.592,97.6,143.2,317.3,140,152.8,285,9887.5,455442.88,102248.06,20.79,5.5,1933.3,2111.8,491.88,654.07,686.06,761.18,10688,320.27,236.12,2.28,42.58,103.01,94.618,256.85,300.345,239.68,213.917,224.192,197.384,278.059
4/1/2015,1338,2383.3,200613.45,344265.17,206.179,270.85,164.839,96.3,147.2,339.4,140,149.8,284,9676.8,485141.26,87845.58,20.75,5.4,1928.8,2066.9,481.47,640.02,672.43,738.09,10797,320.45,236.6,7.58,60.92,108.83,93.675,250.376,300.281,241.354,215.411,211.32,194.004,271.994
5/1/2015,1332,2379.4,192182.96,305567.15,207.683,272.874,162.639,92.7,152.1,354.2,128,145.1,284,8745.5,440931.42,82042.92,20.74,5.5,1925.5,1861.9,484.29,644.29,701.08,771.72,10640,320.64,237.81,13.53,81.99,98.8925,93.031,246.821,298.428,243.162,217.178,213.419,196.751,259.63
6/1/2015,1332,2466,213920.49,339918.23,217.468,267.649,164.205,96.3,154.8,328.4,121,145.1,282,9427.4,412942.11,96258.85,20.64,5.3,2001.6,1995.9,474.61,631.36,655.3,720.3,10571,320.83,238.64,18.91,75.56,82.638,93.781,290.829,299.1,244.103,220.201,213.794,195.352,266.031
7/1/2015,1346,2493.3,200178.4,288277.71,216.406,258.62,162.733,99.3,146,311.8,120,165.5,280,9402,395012.75,85933.14,20.79,5.2,2046.8,1972.9,474.27,631.53,634.53,702.35,10236,321.04,238.65,20.48,78.89,88.98,95.347,298.494,296.191,243.424,220.207,213.388,200.585,271.069
8/1/2015,1363,2323.3,176078.49,312929.88,215.786,237.58,162.885,106.8,137.3,293.3,110,148.4,278,9347.1,373916.06,92104.26,20.72,5.1,1934.9,1949.1,460.09,611.72,633.21,695.28,10002,321.27,238.32,19.38,69.34,101.365,96.965,325.985,294.072,241.524,219.301,215.852,195.467,280.298
9/1/2015,1382,2474.6,165597.74,288832.78,214.132,231.835,161.189,114.3,125.4,289.6,114,149.5,280,9728.1,403807.69,91522.58,20.65,5,2086.6,2035.9,470.32,625.08,653.76,719.81,9986,321.5,237.95,16.1,61.21,107.88,97.487,328.54,292.647,238.344,217.951,217.486,196.688,291.302
10/1/2015,1390,2514.3,195897.94,237526.92,205.604,229.191,159.422,103.5,122.4,294.9,121,147.2,283,10248,413632.52,99376.02,20.74,5,2126.3,2169.2,498.35,663.62,655.93,728.64,10228,321.74,237.84,10.12,62.79,107.2275,96.572,311.713,290.435,235.869,215.305,218.647,196.741,296.871
11/1/2015,1392,2296.2,202633.1,189319.46,202.479,226.289,157.75,107.1,118.5,294.4,124,141,285,9765.5,431929.25,98856.83,20.8,5,1936.1,2080.8,509.13,678.66,603.45,662,10809,321.94,237.34,2.45,74.27,82.5275,98.046,304.898,286.893,232.795,211.472,208.51,193.013,295.115
12/1/2015,1388,2452.4,196630.57,186580.92,201.787,208.561,155.746,103.7,129.1,265,124,148.4,285,10361.4,428598.56,102247.65,20.83,5,2046.3,2207.2,510.64,680.65,560.92,608.05,10800,322.15,236.53,-1.42,75.78,66.544,98.84,304.654,281.352,224.408,205.459,201.479,194.638,287.262
1/1/2016,1381,2359.2,175151.26,286946.42,203.169,195.029,156.513,107.4,127.3,263.5,124,140.3,285,9744.3,387240.81,97802.32,20.97,4.9,1954.2,2084.2,512.52,683.15,545.7,589.52,10575,322.31,236.92,-0.06,51.31,54.56,101.075,274.002,275.641,221.825,203.533,201.281,187.37,286.999
2/1/2016,1372,2290.9,172892.98,231671.71,202.528,189.373,155.981,103.6,134.2,284.2,129,141.5,283,9429.7,389183.99,95229.93,20.9,4.9,1886,2000.9,534.11,711.63,625.25,674.28,10709,322.47,237.11,3.88,204.47,51.705,99.719,274.583,273.73,226.865,204.827,200.865,188.2,275.945
3/1/2016,1370,2534.1,187288.43,274053.45,202.487,192.617,154.822,97.5,140.3,273.3,126,143.9,284,10088.3,452628.19,99879.55,20.88,5,2097.3,2145.2,506.36,673.71,628.95,676.96,10770,322.64,238.13,8.28,73.41,53.734,97.689,258.547,273.841,231.849,209.665,202.653,189.404,281.999
4/1/2016,1348,2409.1,189189.2,272719.05,201.778,196.349,154.13,101.8,143.8,248.9,125,141.9,285,9367.4,429169.87,83059.21,20.88,5,1964,2000.2,481.76,641.89,613.8,654.99,10853,322.81,239.26,11.55,74.93,59.23,96.341,240.683,271.059,228.866,212.252,197.623,190.269,287.903
5/1/2016,1333,2515.4,219039.14,279476.87,205.038,208.488,154.994,101.1,141.7,229.6,118,145.9,283,9180.4,457933.28,90183.54,20.84,4.7,2030.2,1949,467.8,623.6,637.32,680.06,10783,323,240.23,15.4,229.36,48.594,97.416,226.32,270.433,235.56,212.669,197.023,190.777,286.378
6/1/2016,1334,2706,213064.18,279184.9,213.474,215.295,155.914,113.6,139.7,267.1,115,168.2,280,9568.2,430250.38,84244.06,20.98,4.9,2193,2013.5,461.68,614.85,616.12,659.57,10804,323.19,241.02,21.97,62.48,55.965,97.802,212.651,267.7,231.525,211.868,205.605,192.342,283.373
7/1/2016,1345,2474.9,217579.65,270589.07,214.193,212.482,162.129,113.7,134.2,241.2,111,135,278,8761.5,405661.33,90947.44,20.93,4.9,2024.2,1824.5,464.53,618.03,586.48,624.8,10356,323.41,240.63,23.83,72.9,67.395,98.294,211.87,266.073,227.712,206.393,207.125,196.443,284.678
8/1/2016,1352,2750.6,229917.39,261550.17,214.222,207.143,164.715,109.1,136.2,237.5,116,124.7,276,10390.9,415245.56,90195.68,20.88,4.9,2265.8,2149.6,469.74,625.56,598.59,640.29,10165,323.62,240.85,22.88,226.57,68.574,97.514,202.352,268.296,223.755,207.276,207.932,194.413,283.764
9/1/2016,1370,2619.3,213206.2,219013.73,214.381,212.019,165.881,109.3,139.4,221.6,113,122.1,280,10170.5,414183.75,84482.53,20.97,5,2181.5,2126.3,476.59,634.78,608.96,655.23,10135,323.84,241.43,19.38,68.58,63.135,98.259,205.005,266.712,218.556,206.717,209.063,187.903,286.278
10/1/2016,1381,2637.7,229863.17,225756.02,206.397,224.453,167.049,108.3,146.1,227.1,118,125.5,282,10446.3,451943.72,89391.47,20.97,4.9,2211.2,2198.3,519.02,690.99,642.3,693.45,10256,324.08,241.73,14.03,59.18,67.6075,99.179,200.941,263.3,216.087,202.245,206.389,187.594,283.33
11/1/2016,1384,2669,253949.78,212715.64,202.984,221.808,167.469,114,151.9,224.3,120,128.8,283,10605.3,509835.88,94993.35,20.96,4.6,2240.2,2240.3,533.07,711.1,599.01,646.11,10665,324.28,241.35,8.65,40.13,88.744,101.554,203.227,262.824,218.119,199.961,200.084,184.808,276.043
12/1/2016,1381,2612,254556.71,200959.38,203.146,235.127,167.935,103.3,161.5,227.9,117,134.9,283,10467.1,495381,91078.67,20.88,4.7,2173.3,2209.1,530.95,708.58,518.81,555.71,10652,324.46,241.43,0.19,68.33,85.3925,103.247,201.569,258.438,213.412,196.873,191.459,181.695,275.491
1/1/2017,1370,2576.9,211365.44,228080.51,205.23,243.347,172.319,111.5,159,246.9,118,136.5,284,10126.3,457377.36,83789.38,20.94,4.8,2119.3,2154.8,567.89,756.69,475.39,507.13,10605,324.66,242.84,0.56,80.77,56.318,103.131,220.813,259.37,211.022,195.757,191.646,177.097,280.692
2/1/2017,1361,2369.2,205504.93,200475.79,206.416,242.467,172.967,106.2,154.3,264.1,121,142.4,284,9370.5,450848.51,81685.64,21,4.7,1933.9,1987.6,538.22,717.86,524.22,557.48,10782,324.81,243.6,4.64,56.13,45.03,101.743,209.845,257.226,214.434,199.057,192.939,182.17,286.254
3/1/2017,1350,2768.3,234010.21,270534.85,205.692,240.619,170.755,113.1,147.4,240.7,127,140,284,10681,523978.88,98453.45,21.12,4.5,2249.7,2267.6,502.45,669.46,567.86,608.19,10772,324.97,243.8,7.41,29.46,49.685,100.975,202.193,260.161,220.233,198.766,204.289,183.655,300.654
4/1/2017,1325,2463.3,218353.04,250473.6,206.671,239.822,172.597,106.2,143.4,242.1,131,139.9,285,9342.8,462812.13,93311.02,21.13,4.4,1963.1,1988.2,464,616.13,545.46,578.06,10919,325.13,244.52,11.84,87.12,35.405,100.084,202.723,260.834,220.266,200.534,194.338,180.404,301.45
5/1/2017,1307,2753.8,226114.38,267753.43,210.541,233.216,174.901,113.9,149.9,238,127,140.8,282,9952.1,514296.8,92527.45,21.23,4.3,2163.4,2095.9,458.42,608.03,590.32,631.38,10998,325.32,244.73,15.75,84.07,24.188,99.502,193.459,261.397,223.396,199.562,193.645,185.612,296.531
